{
  "dependencies": {
    "apis1": {
      "resourceId": "/subscriptions/[parameters('subscriptionId')]/resourceGroups/[parameters('resourceGroupName')]/providers/Microsoft.ApiManagement/service/ProjectWebApiapi/apis/SISDISTFURB",
      "type": "apis.azure"
    },
    "mssql1": {
      "resourceId": "/subscriptions/[parameters('subscriptionId')]/resourceGroups/[parameters('resourceGroupName')]/providers/Microsoft.Sql/servers/furby-server/databases/TRABALHO3SISDIS",
      "type": "mssql.azure",
      "connectionId": "DefaultConnection",
      "secretStore": "AzureAppSettings"
    }
  }
}