{
  "$schema": "https://schema.management.azure.com/schemas/2018-05-01/subscriptionDeploymentTemplate.json#",
  "contentVersion": "1.0.0.0",
  "parameters": {
    "resourceGroupName": {
      "type": "string",
      "defaultValue": "FURB",
      "metadata": {
        "_parameterType": "resourceGroup",
        "description": "Nome do grupo de recursos do recurso. É recomendável colocar os recursos no mesmo grupo de recursos para melhor acompanhamento."
      }
    },
    "resourceGroupLocation": {
      "type": "string",
      "defaultValue": "southcentralus",
      "metadata": {
        "_parameterType": "location",
        "description": "Local do grupo de recursos. Os grupos de recursos podem ter um local diferente do local dos recursos."
      }
    },
    "resourceLocation": {
      "type": "string",
      "defaultValue": "[parameters('resourceGroupLocation')]",
      "metadata": {
        "_parameterType": "location",
        "description": "Local do recurso. Por padrão, use o local do grupo de recursos, a menos que não haja suporte para o provedor de recursos."
      }
    }
  },
  "resources": [
    {
      "type": "Microsoft.Resources/resourceGroups",
      "name": "[parameters('resourceGroupName')]",
      "location": "[parameters('resourceGroupLocation')]",
      "apiVersion": "2019-10-01"
    },
    {
      "type": "Microsoft.Resources/deployments",
      "name": "[concat(parameters('resourceGroupName'), 'Deployment', uniqueString(concat('FURBY', subscription().subscriptionId)))]",
      "resourceGroup": "[parameters('resourceGroupName')]",
      "apiVersion": "2019-10-01",
      "dependsOn": [
        "[parameters('resourceGroupName')]"
      ],
      "properties": {
        "mode": "Incremental",
        "template": {
          "$schema": "https://schema.management.azure.com/schemas/2015-01-01/deploymentTemplate.json#",
          "contentVersion": "1.0.0.0",
          "resources": [
            {
              "name": "ProjectWebApiapi",
              "type": "Microsoft.ApiManagement/service",
              "location": "[parameters('resourceLocation')]",
              "properties": {},
              "sku": {
                "name": "Consumption",
                "capacity": 0
              },
              "identity": null,
              "apiVersion": "2019-12-01"
            },
            {
              "type": "Microsoft.ApiManagement/service/apis",
              "name": "ProjectWebApiapi/FURBY",
              "properties": {},
              "apiVersion": "2019-12-01",
              "dependsOn": [
                "ProjectWebApiapi"
              ]
            }
          ]
        }
      }
    }
  ],
  "metadata": {
    "_dependencyType": "apis.azure"
  }
}